{
  "error_correlation_matrix": [
    [
      1.0,
      0.6750737165454601,
      0.5367574942633854,
      0.6447248174548658
    ],
    [
      0.6750737165454601,
      0.9999999999999998,
      0.8953204600970207,
      0.8144582068715748
    ],
    [
      0.5367574942633854,
      0.8953204600970207,
      0.9999999999999997,
      0.7556476624327587
    ],
    [
      0.6447248174548658,
      0.8144582068715748,
      0.7556476624327587,
      1.0
    ]
  ],
  "model_names": [
    "NCF",
    "SASRec",
    "LightGCN",
    "MF"
  ],
  "autocorrelations_lag1": {
    "NCF": -0.013256119402048917,
    "SASRec": 0.0064998658478663505,
    "LightGCN": 0.014337841277188188,
    "MF": 0.0037741338642704983
  },
  "individual_mse": {
    "NCF": 0.370347734631534,
    "SASRec": 1.28318641625441,
    "LightGCN": 1.031443335182977,
    "MF": 0.01508138992418165
  },
  "ensemble_mse": 0.42830540349419605,
  "mse_reduction_vs_avg_individual": 0.3654873124399378,
  "high_frequency_energy_fraction": {
    "NCF": 0.5117544306173543,
    "SASRec": 0.48893901941102397,
    "LightGCN": 0.4930711511086156,
    "MF": 0.4687870655406444
  },
  "interpretation": {
    "correlated_errors": true,
    "temporal_structure": false,
    "high_freq_noise": true
  }
}