{
  "kalman_only": {
    "rmse": 0.7459414115136753,
    "ci_lower": 0.6631824310981036,
    "ci_upper": 0.8351183336890734,
    "improvement_%": -9.656186662697545,
    "t_test_pvalue": 0.02667157568066237,
    "wilcoxon_pvalue": 0.03125,
    "n_folds": 5,
    "t_test_pvalue_corrected": 0.37487298595469287,
    "wilcoxon_pvalue_corrected": 0.6875,
    "significance": "n.s."
  },
  "wavelet_only": {
    "rmse": 0.7421214709230541,
    "ci_lower": 0.6623836939640309,
    "ci_upper": 0.8322541312696042,
    "improvement_%": -9.094641061420933,
    "t_test_pvalue": 0.03200130406319855,
    "wilcoxon_pvalue": 0.03125,
    "n_folds": 5,
    "t_test_pvalue_corrected": 0.37487298595469287,
    "wilcoxon_pvalue_corrected": 0.6875,
    "significance": "n.s."
  },
  "spectral_only": {
    "rmse": 0.7624846005215627,
    "ci_lower": 0.6941135128923354,
    "ci_upper": 0.8385916467825693,
    "improvement_%": -12.088097525729088,
    "t_test_pvalue": 0.03553367186906893,
    "wilcoxon_pvalue": 0.03125,
    "n_folds": 5,
    "t_test_pvalue_corrected": 0.37487298595469287,
    "wilcoxon_pvalue_corrected": 0.6875,
    "significance": "n.s."
  },
  "adaptive_only": {
    "rmse": 0.753130928842504,
    "ci_lower": 0.6742471915363201,
    "ci_upper": 0.8382006500793839,
    "improvement_%": -10.71307268894048,
    "t_test_pvalue": 0.020837063697469245,
    "wilcoxon_pvalue": 0.03125,
    "n_folds": 5,
    "t_test_pvalue_corrected": 0.37487298595469287,
    "wilcoxon_pvalue_corrected": 0.6875,
    "significance": "n.s."
  },
  "ema_only": {
    "rmse": 0.7758125021945073,
    "ci_lower": 0.7152196075614784,
    "ci_upper": 0.8499180247908964,
    "improvement_%": -14.047349085050364,
    "t_test_pvalue": 0.0374454507501064,
    "wilcoxon_pvalue": 0.03125,
    "n_folds": 5,
    "t_test_pvalue_corrected": 0.37487298595469287,
    "wilcoxon_pvalue_corrected": 0.6875,
    "significance": "n.s."
  },
  "median_only": {
    "rmse": 0.750446211388982,
    "ci_lower": 0.6722677670310706,
    "ci_upper": 0.8329829448193088,
    "improvement_%": -10.318409148780388,
    "t_test_pvalue": 0.025148117859498935,
    "wilcoxon_pvalue": 0.03125,
    "n_folds": 5,
    "t_test_pvalue_corrected": 0.37487298595469287,
    "wilcoxon_pvalue_corrected": 0.6875,
    "significance": "n.s."
  },
  "bilateral_only": {
    "rmse": 0.7407167960915764,
    "ci_lower": 0.655802764722043,
    "ci_upper": 0.8266127456860884,
    "improvement_%": -8.888148590104242,
    "t_test_pvalue": 0.027912196344871534,
    "wilcoxon_pvalue": 0.03125,
    "n_folds": 5,
    "t_test_pvalue_corrected": 0.37487298595469287,
    "wilcoxon_pvalue_corrected": 0.6875,
    "significance": "n.s."
  },
  "savgol_only": {
    "rmse": 0.7534451144762959,
    "ci_lower": 0.6793488256143838,
    "ci_upper": 0.8401289523207393,
    "improvement_%": -10.759259156100033,
    "t_test_pvalue": 0.02874043000335991,
    "wilcoxon_pvalue": 0.03125,
    "n_folds": 5,
    "t_test_pvalue_corrected": 0.37487298595469287,
    "wilcoxon_pvalue_corrected": 0.6875,
    "significance": "n.s."
  },
  "particle_only": {
    "rmse": 0.7460444726505463,
    "ci_lower": 0.66011268579874,
    "ci_upper": 0.8339954591957708,
    "improvement_%": -9.671337036557954,
    "t_test_pvalue": 0.018743649297734644,
    "wilcoxon_pvalue": 0.03125,
    "n_folds": 5,
    "t_test_pvalue_corrected": 0.37487298595469287,
    "wilcoxon_pvalue_corrected": 0.6875,
    "significance": "n.s."
  },
  "confidence_only": {
    "rmse": 0.7572084324807797,
    "ci_lower": 0.6797287105742026,
    "ci_upper": 0.8417054661290096,
    "improvement_%": -11.312481024736297,
    "t_test_pvalue": 0.02446215716397537,
    "wilcoxon_pvalue": 0.03125,
    "n_folds": 5,
    "t_test_pvalue_corrected": 0.37487298595469287,
    "wilcoxon_pvalue_corrected": 0.6875,
    "significance": "n.s."
  },
  "consensus_only": {
    "rmse": 0.7566906305867336,
    "ci_lower": 0.6819433951695277,
    "ci_upper": 0.8345117441436992,
    "improvement_%": -11.236362203242523,
    "t_test_pvalue": 0.025287008185306645,
    "wilcoxon_pvalue": 0.03125,
    "n_folds": 5,
    "t_test_pvalue_corrected": 0.37487298595469287,
    "wilcoxon_pvalue_corrected": 0.6875,
    "significance": "n.s."
  },
  "stacking_only": {
    "rmse": 0.7654051922149144,
    "ci_lower": 0.6918148094866285,
    "ci_upper": 0.8445467512815389,
    "improvement_%": -12.517435464270157,
    "t_test_pvalue": 0.020398770989126593,
    "wilcoxon_pvalue": 0.03125,
    "n_folds": 5,
    "t_test_pvalue_corrected": 0.37487298595469287,
    "wilcoxon_pvalue_corrected": 0.6875,
    "significance": "n.s."
  },
  "kalman_adaptive": {
    "rmse": 0.7617913404125142,
    "ci_lower": 0.6966195372280592,
    "ci_upper": 0.8410162812789703,
    "improvement_%": -11.986185688217118,
    "t_test_pvalue": 0.03943613182042213,
    "wilcoxon_pvalue": 0.03125,
    "n_folds": 5,
    "t_test_pvalue_corrected": 0.37487298595469287,
    "wilcoxon_pvalue_corrected": 0.6875,
    "significance": "n.s."
  },
  "kalman_ema": {
    "rmse": 0.7610623293397483,
    "ci_lower": 0.687116792910819,
    "ci_upper": 0.8364973963296797,
    "improvement_%": -11.879018324882006,
    "t_test_pvalue": 0.027016771358042348,
    "wilcoxon_pvalue": 0.03125,
    "n_folds": 5,
    "t_test_pvalue_corrected": 0.37487298595469287,
    "wilcoxon_pvalue_corrected": 0.6875,
    "significance": "n.s."
  },
  "adaptive_ema": {
    "rmse": 0.7464429258340075,
    "ci_lower": 0.6601513779592386,
    "ci_upper": 0.833855972599664,
    "improvement_%": -9.729911149735699,
    "t_test_pvalue": 0.01330041728980028,
    "wilcoxon_pvalue": 0.03125,
    "n_folds": 5,
    "t_test_pvalue_corrected": 0.2926091803756061,
    "wilcoxon_pvalue_corrected": 0.6875,
    "significance": "n.s."
  },
  "kalman_consensus": {
    "rmse": 0.7411125142426804,
    "ci_lower": 0.6589112603000828,
    "ci_upper": 0.832770824177502,
    "improvement_%": -8.946320643262187,
    "t_test_pvalue": 0.025089685936674308,
    "wilcoxon_pvalue": 0.03125,
    "n_folds": 5,
    "t_test_pvalue_corrected": 0.37487298595469287,
    "wilcoxon_pvalue_corrected": 0.6875,
    "significance": "n.s."
  },
  "stacking_adaptive": {
    "rmse": 0.7478837204706925,
    "ci_lower": 0.6736839888047325,
    "ci_upper": 0.8323437787715354,
    "improvement_%": -9.941713367958634,
    "t_test_pvalue": 0.03418597523005226,
    "wilcoxon_pvalue": 0.03125,
    "n_folds": 5,
    "t_test_pvalue_corrected": 0.37487298595469287,
    "wilcoxon_pvalue_corrected": 0.6875,
    "significance": "n.s."
  },
  "median_savgol": {
    "rmse": 0.7500234905319815,
    "ci_lower": 0.6684879217579047,
    "ci_upper": 0.8333834409558257,
    "improvement_%": -10.256267596527097,
    "t_test_pvalue": 0.018958065721304818,
    "wilcoxon_pvalue": 0.03125,
    "n_folds": 5,
    "t_test_pvalue_corrected": 0.37487298595469287,
    "wilcoxon_pvalue_corrected": 0.6875,
    "significance": "n.s."
  },
  "spectral_bilateral": {
    "rmse": 0.7354735048568632,
    "ci_lower": 0.6441085797062446,
    "ci_upper": 0.8358435020532046,
    "improvement_%": -8.117365102975043,
    "t_test_pvalue": 0.014949651591523807,
    "wilcoxon_pvalue": 0.03125,
    "n_folds": 5,
    "t_test_pvalue_corrected": 0.31394268342199994,
    "wilcoxon_pvalue_corrected": 0.6875,
    "significance": "n.s."
  },
  "best_three": {
    "rmse": 0.7398572120876665,
    "ci_lower": 0.6534504954899378,
    "ci_upper": 0.8284721526819979,
    "improvement_%": -8.761786515911666,
    "t_test_pvalue": 0.023409347986106843,
    "wilcoxon_pvalue": 0.03125,
    "n_folds": 5,
    "t_test_pvalue_corrected": 0.37487298595469287,
    "wilcoxon_pvalue_corrected": 0.6875,
    "significance": "n.s."
  },
  "all_filters": {
    "rmse": 0.7633027380565377,
    "ci_lower": 0.6938285427801631,
    "ci_upper": 0.837108901225174,
    "improvement_%": -12.208366813458971,
    "t_test_pvalue": 0.02844896020551465,
    "wilcoxon_pvalue": 0.03125,
    "n_folds": 5,
    "t_test_pvalue_corrected": 0.37487298595469287,