{
  "kalman_only": {
    "rmse": 0.6901057097572274,
    "ci_lower": 0.6240783782540134,
    "ci_upper": 0.7561330412604413,
    "improvement_%": -9.874920682787113,
    "t_test_pvalue": 0.022282073953358093,
    "wilcoxon_pvalue": 0.03125,
    "n_folds": 5,
    "t_test_pvalue_corrected": 0.3884536743392723,
    "wilcoxon_pvalue_corrected": 0.6875,
    "significance": "n.s."
  },
  "wavelet_only": {
    "rmse": 0.6825021616887516,
    "ci_lower": 0.6127853451946361,
    "ci_upper": 0.752218978182867,
    "improvement_%": -8.664324640587372,
    "t_test_pvalue": 0.02165543003275912,
    "wilcoxon_pvalue": 0.03125,
    "n_folds": 5,
    "t_test_pvalue_corrected": 0.3884536743392723,
    "wilcoxon_pvalue_corrected": 0.6875,
    "significance": "n.s."
  },
  "spectral_only": {
    "rmse": 0.6819271973998433,
    "ci_lower": 0.620256249979511,
    "ci_upper": 0.7469307235101159,
    "improvement_%": -8.572781917862397,
    "t_test_pvalue": 0.0495733312503297,
    "wilcoxon_pvalue": 0.03125,
    "n_folds": 5,
    "t_test_pvalue_corrected": 0.40260934335325793,
    "wilcoxon_pvalue_corrected": 0.6875,
    "significance": "n.s."
  },
  "adaptive_only": {
    "rmse": 0.7050532180125764,
    "ci_lower": 0.6482889732177017,
    "ci_upper": 0.761380126248435,
    "improvement_%": -12.254782580378915,
    "t_test_pvalue": 0.03058765803425295,
    "wilcoxon_pvalue": 0.03125,
    "n_folds": 5,
    "t_test_pvalue_corrected": 0.40260934335325793,
    "wilcoxon_pvalue_corrected": 0.6875,
    "significance": "n.s."
  },
  "ema_only": {
    "rmse": 0.679766531238462,
    "ci_lower": 0.6131298763062751,
    "ci_upper": 0.751073549506411,
    "improvement_%": -8.228772268692458,
    "t_test_pvalue": 0.034357056636607666,
    "wilcoxon_pvalue": 0.03125,
    "n_folds": 5,
    "t_test_pvalue_corrected": 0.40260934335325793,
    "wilcoxon_pvalue_corrected": 0.6875,
    "significance": "n.s."
  },
  "median_only": {
    "rmse": 0.695600531977892,
    "ci_lower": 0.6357210043350382,
    "ci_upper": 0.758226817189801,
    "improvement_%": -10.749776733281067,
    "t_test_pvalue": 0.028001669927306468,
    "wilcoxon_pvalue": 0.03125,
    "n_folds": 5,
    "t_test_pvalue_corrected": 0.40260934335325793,
    "wilcoxon_pvalue_corrected": 0.6875,
    "significance": "n.s."
  },
  "bilateral_only": {
    "rmse": 0.6838564115041458,
    "ci_lower": 0.6178007852239301,
    "ci_upper": 0.7536530862483125,
    "improvement_%": -8.879941014930175,
    "t_test_pvalue": 0.03298545088048684,
    "wilcoxon_pvalue": 0.03125,
    "n_folds": 5,
    "t_test_pvalue_corrected": 0.40260934335325793,
    "wilcoxon_pvalue_corrected": 0.6875,
    "significance": "n.s."
  },
  "savgol_only": {
    "rmse": 0.6916840576022599,
    "ci_lower": 0.6290265453817984,
    "ci_upper": 0.7543415698227214,
    "improvement_%": -10.12621674052268,
    "t_test_pvalue": 0.030230999126964735,
    "wilcoxon_pvalue": 0.03125,
    "n_folds": 5,
    "t_test_pvalue_corrected": 0.40260934335325793,
    "wilcoxon_pvalue_corrected": 0.6875,
    "significance": "n.s."
  },
  "particle_only": {
    "rmse": 0.6783826047365883,
    "ci_lower": 0.6057292942892508,
    "ci_upper": 0.7510359151839257,
    "improvement_%": -8.00843093188817,
    "t_test_pvalue": 0.018497794016155825,
    "wilcoxon_pvalue": 0.03125,
    "n_folds": 5,
    "t_test_pvalue_corrected": 0.3884536743392723,
    "wilcoxon_pvalue_corrected": 0.6875,
    "significance": "n.s."
  },
  "confidence_only": {
    "rmse": 0.6811916529678496,
    "ci_lower": 0.6199183109569146,
    "ci_upper": 0.7468959157118682,
    "improvement_%": -8.455672488131102,
    "t_test_pvalue": 0.05531033423165297,
    "wilcoxon_pvalue": 0.03125,
    "n_folds": 5,
    "t_test_pvalue_corrected": 0.40260934335325793,
    "wilcoxon_pvalue_corrected": 0.6875,
    "significance": "n.s."
  },
  "consensus_only": {
    "rmse": 0.6989991381041871,
    "ci_lower": 0.6454612437214791,
    "ci_upper": 0.7583841899754724,
    "improvement_%": -11.290884527752267,
    "t_test_pvalue": 0.045476255977618195,
    "wilcoxon_pvalue": 0.03125,
    "n_folds": 5,
    "t_test_pvalue_corrected": 0.40260934335325793,
    "wilcoxon_pvalue_corrected": 0.6875,
    "significance": "n.s."
  },
  "stacking_only": {
    "rmse": 0.6808225714071827,
    "ci_lower": 0.6094414480334134,
    "ci_upper": 0.7522036947809522,
    "improvement_%": -8.39690930644693,
    "t_test_pvalue": 0.02077767566305114,
    "wilcoxon_pvalue": 0.03125,
    "n_folds": 5,
    "t_test_pvalue_corrected": 0.3884536743392723,
    "wilcoxon_pvalue_corrected": 0.6875,
    "significance": "n.s."
  },
  "kalman_adaptive": {
    "rmse": 0.6898174607799867,
    "ci_lower": 0.6259509088485493,
    "ci_upper": 0.7602351538248895,
    "improvement_%": -9.829027230431308,
    "t_test_pvalue": 0.03110410321962601,
    "wilcoxon_pvalue": 0.03125,
    "n_folds": 5,
    "t_test_pvalue_corrected": 0.40260934335325793,
    "wilcoxon_pvalue_corrected": 0.6875,
    "significance": "n.s."
  },
  "kalman_ema": {
    "rmse": 0.6882647670087039,
    "ci_lower": 0.6197850969040223,
    "ci_upper": 0.7567444371133855,
    "improvement_%": -9.581815676386379,
    "t_test_pvalue": 0.018741591013835476,
    "wilcoxon_pvalue": 0.03125,
    "n_folds": 5,
    "t_test_pvalue_corrected": 0.3884536743392723,
    "wilcoxon_pvalue_corrected": 0.6875,
    "significance": "n.s."
  },
  "adaptive_ema": {
    "rmse": 0.6811003887770697,
    "ci_lower": 0.6097327158288185,
    "ci_upper": 0.7528284742016125,
    "improvement_%": -8.441141894366497,
    "t_test_pvalue": 0.01969722071109645,
    "wilcoxon_pvalue": 0.03125,
    "n_folds": 5,
    "t_test_pvalue_corrected": 0.3884536743392723,
    "wilcoxon_pvalue_corrected": 0.6875,
    "significance": "n.s."
  },
  "kalman_consensus": {
    "rmse": 0.6771678526643002,
    "ci_lower": 0.6073951492137062,
    "ci_upper": 0.7472224757076423,
    "improvement_%": -7.815024638178683,
    "t_test_pvalue": 0.02859065587885786,
    "wilcoxon_pvalue": 0.03125,
    "n_folds": 5,
    "t_test_pvalue_corrected": 0.40260934335325793,
    "wilcoxon_pvalue_corrected": 0.6875,
    "significance": "n.s."
  },
  "stacking_adaptive": {
    "rmse": 0.6737985283700193,
    "ci_lower": 0.6067182176671009,
    "ci_upper": 0.7498091960182388,
    "improvement_%": -7.278578939563987,
    "t_test_pvalue": 0.05009117656797579,
    "wilcoxon_pvalue": 0.03125,
    "n_folds": 5,
    "t_test_pvalue_corrected": 0.40260934335325793,
    "wilcoxon_pvalue_corrected": 0.6875,
    "significance": "n.s."
  },
  "median_savgol": {
    "rmse": 0.6842038495261598,
    "ci_lower": 0.6208220624828972,
    "ci_upper": 0.7552513323917899,
    "improvement_%": -8.935258228758764,
    "t_test_pvalue": 0.04053665815689,
    "wilcoxon_pvalue": 0.03125,
    "n_folds": 5,
    "t_test_pvalue_corrected": 0.40260934335325793,
    "wilcoxon_pvalue_corrected": 0.6875,
    "significance": "n.s."
  },
  "spectral_bilateral": {
    "rmse": 0.6917125732648984,
    "ci_lower": 0.6286759818735507,
    "ci_upper": 0.755722279287238,
    "improvement_%": -10.130756851010574,
    "t_test_pvalue": 0.026840622890217197,
    "wilcoxon_pvalue": 0.03125,
    "n_folds": 5,
    "t_test_pvalue_corrected": 0.40260934335325793,
    "wilcoxon_pvalue_corrected": 0.6875,
    "significance": "n.s."
  },
  "best_three": {
    "rmse": 0.6818188966882024,
    "ci_lower": 0.6084762296447719,
    "ci_upper": 0.756514742984821,
    "improvement_%": -8.555538860844912,
    "t_test_pvalue": 0.015731528813793697,
    "wilcoxon_pvalue": 0.03125,
    "n_folds": 5,
    "t_test_pvalue_corrected": 0.3460936339034613,
    "wilcoxon_pvalue_corrected": 0.6875,
    "significance": "n.s."
  },
  "all_filters": {
    "rmse": 0.6861127229764188,
    "ci_lower": 0.618456311286998,
    "ci_upper": 0.7537691346658397,
    "improvement_%": -9.239178796253377,
    "t_test_pvalue": 0.027113490214014633,
    "wilcoxon_pvalue": 0.03125,
    "n_folds": 5,
    "t_test_pvalue_corrected": 0.40260934335325793,
    "wilcoxon_pvalue_corrected": 0.6875,