{
  "kalman_only": {
    "rmse": 0.9642740862532324,
    "ci_lower": 0.9117532354041605,
    "ci_upper": 1.0312063178827304,
    "improvement_%": -7.553938218766995,
    "t_test_pvalue": 0.03754715776963581,
    "wilcoxon_pvalue": 0.03125,
    "n_folds": 5,
    "t_test_pvalue_corrected": 0.49253642935745107,
    "wilcoxon_pvalue_corrected": 1.0,
    "significance": "n.s."
  },
  "wavelet_only": {
    "rmse": 0.9544483207183546,
    "ci_lower": 0.8904022256916182,
    "ci_upper": 1.0290021076702887,
    "improvement_%": -6.457984491132749,
    "t_test_pvalue": 0.022388019516247776,
    "wilcoxon_pvalue": 0.03125,
    "n_folds": 5,
    "t_test_pvalue_corrected": 0.49253642935745107,
    "wilcoxon_pvalue_corrected": 0.6875,
    "significance": "n.s."
  },
  "spectral_only": {
    "rmse": 0.9809661453117572,
    "ci_lower": 0.9312770909092354,
    "ci_upper": 1.0419312918775139,
    "improvement_%": -9.415749828472654,
    "t_test_pvalue": 0.026367500519136666,
    "wilcoxon_pvalue": 0.03125,
    "n_folds": 5,
    "t_test_pvalue_corrected": 0.49253642935745107,
    "wilcoxon_pvalue_corrected": 0.6875,
    "significance": "n.s."
  },
  "adaptive_only": {
    "rmse": 0.9855880728080534,
    "ci_lower": 0.9369206724460103,
    "ci_upper": 1.0425289258951917,
    "improvement_%": -9.931273901425616,
    "t_test_pvalue": 0.02815674721493593,
    "wilcoxon_pvalue": 0.0625,
    "n_folds": 5,
    "t_test_pvalue_corrected": 0.49253642935745107,
    "wilcoxon_pvalue_corrected": 1.0,
    "significance": "n.s."
  },
  "ema_only": {
    "rmse": 0.974034774539341,
    "ci_lower": 0.9184009400437378,
    "ci_upper": 1.0336818202144014,
    "improvement_%": -8.642633310611524,
    "t_test_pvalue": 0.0304226797347579,
    "wilcoxon_pvalue": 0.03125,
    "n_folds": 5,
    "t_test_pvalue_corrected": 0.49253642935745107,
    "wilcoxon_pvalue_corrected": 1.0,
    "significance": "n.s."
  },
  "median_only": {
    "rmse": 0.9587015005567698,
    "ci_lower": 0.8992445751622988,
    "ci_upper": 1.0308641089554453,
    "improvement_%": -6.932378906678709,
    "t_test_pvalue": 0.03529387385225597,
    "wilcoxon_pvalue": 0.03125,
    "n_folds": 5,
    "t_test_pvalue_corrected": 0.49253642935745107,
    "wilcoxon_pvalue_corrected": 1.0,
    "significance": "n.s."
  },
  "bilateral_only": {
    "rmse": 0.961478941795959,
    "ci_lower": 0.9047760150254535,
    "ci_upper": 1.0321453715390954,
    "improvement_%": -7.242171265204833,
    "t_test_pvalue": 0.04086333327324017,
    "wilcoxon_pvalue": 0.03125,
    "n_folds": 5,
    "t_test_pvalue_corrected": 0.49253642935745107,
    "wilcoxon_pvalue_corrected": 1.0,
    "significance": "n.s."
  },
  "savgol_only": {
    "rmse": 0.9726566332578447,
    "ci_lower": 0.9263686130653213,
    "ci_upper": 1.0298604592745224,
    "improvement_%": -8.48891713762722,
    "t_test_pvalue": 0.04116094215309896,
    "wilcoxon_pvalue": 0.0625,
    "n_folds": 5,
    "t_test_pvalue_corrected": 0.49253642935745107,
    "wilcoxon_pvalue_corrected": 1.0,
    "significance": "n.s."
  },
  "particle_only": {
    "rmse": 0.9751925585924741,
    "ci_lower": 0.9265602784554673,
    "ci_upper": 1.0375742842817606,
    "improvement_%": -8.771771111052896,
    "t_test_pvalue": 0.033961221671424645,
    "wilcoxon_pvalue": 0.03125,
    "n_folds": 5,
    "t_test_pvalue_corrected": 0.49253642935745107,
    "wilcoxon_pvalue_corrected": 1.0,
    "significance": "n.s."
  },
  "confidence_only": {
    "rmse": 0.9603117728332844,
    "ci_lower": 0.8986518984343353,
    "ci_upper": 1.0356925059704327,
    "improvement_%": -7.111986683567735,
    "t_test_pvalue": 0.05044736609518074,
    "wilcoxon_pvalue": 0.03125,
    "n_folds": 5,
    "t_test_pvalue_corrected": 0.49253642935745107,
    "wilcoxon_pvalue_corrected": 1.0,
    "significance": "n.s."
  },
  "consensus_only": {
    "rmse": 0.9669298498101376,
    "ci_lower": 0.908816751340167,
    "ci_upper": 1.035806350630152,
    "improvement_%": -7.850158799196475,
    "t_test_pvalue": 0.026765124602984636,
    "wilcoxon_pvalue": 0.03125,
    "n_folds": 5,
    "t_test_pvalue_corrected": 0.49253642935745107,
    "wilcoxon_pvalue_corrected": 0.6875,
    "significance": "n.s."
  },
  "stacking_only": {
    "rmse": 0.9555276170009923,
    "ci_lower": 0.88892908042216,
    "ci_upper": 1.0258947572505595,
    "improvement_%": -6.578367862787596,
    "t_test_pvalue": 0.037495510619344224,
    "wilcoxon_pvalue": 0.03125,
    "n_folds": 5,
    "t_test_pvalue_corrected": 0.49253642935745107,
    "wilcoxon_pvalue_corrected": 1.0,
    "significance": "n.s."
  },
  "kalman_adaptive": {
    "rmse": 0.9778063083004135,
    "ci_lower": 0.9223001033377699,
    "ci_upper": 1.0388745392451175,
    "improvement_%": -9.06330551876403,
    "t_test_pvalue": 0.03343569535258796,
    "wilcoxon_pvalue": 0.0625,
    "n_folds": 5,
    "t_test_pvalue_corrected": 0.49253642935745107,
    "wilcoxon_pvalue_corrected": 1.0,
    "significance": "n.s."
  },
  "kalman_ema": {
    "rmse": 0.9568332483635629,
    "ci_lower": 0.8902835060169612,
    "ci_upper": 1.0367640143300678,
    "improvement_%": -6.723996369151419,
    "t_test_pvalue": 0.022393403605573303,
    "wilcoxon_pvalue": 0.03125,
    "n_folds": 5,
    "t_test_pvalue_corrected": 0.49253642935745107,
    "wilcoxon_pvalue_corrected": 0.6875,
    "significance": "n.s."
  },
  "adaptive_ema": {
    "rmse": 0.9602405850184157,
    "ci_lower": 0.8975397994970684,
    "ci_upper": 1.0309883080556508,
    "improvement_%": -7.104046482797571,
    "t_test_pvalue": 0.022497991666728515,
    "wilcoxon_pvalue": 0.03125,
    "n_folds": 5,
    "t_test_pvalue_corrected": 0.49253642935745107,
    "wilcoxon_pvalue_corrected": 0.6875,
    "significance": "n.s."
  },
  "kalman_consensus": {
    "rmse": 0.9573038426907189,
    "ci_lower": 0.9019630698928163,
    "ci_upper": 1.0270858527998032,
    "improvement_%": -6.776485878006423,
    "t_test_pvalue": 0.039385499651219874,
    "wilcoxon_pvalue": 0.03125,
    "n_folds": 5,
    "t_test_pvalue_corrected": 0.49253642935745107,
    "wilcoxon_pvalue_corrected": 1.0,
    "significance": "n.s."
  },
  "stacking_adaptive": {
    "rmse": 0.9717532093503214,
    "ci_lower": 0.9186266771235149,
    "ci_upper": 1.0338545254705709,
    "improvement_%": -8.388150353037304,
    "t_test_pvalue": 0.04051538601327143,
    "wilcoxon_pvalue": 0.03125,
    "n_folds": 5,
    "t_test_pvalue_corrected": 0.49253642935745107,
    "wilcoxon_pvalue_corrected": 1.0,
    "significance": "n.s."
  },
  "median_savgol": {
    "rmse": 0.9657868362787354,
    "ci_lower": 0.9095894005509914,
    "ci_upper": 1.0364376988927184,
    "improvement_%": -7.722668484469334,
    "t_test_pvalue": 0.03160052842202601,
    "wilcoxon_pvalue": 0.03125,
    "n_folds": 5,
    "t_test_pvalue_corrected": 0.49253642935745107,
    "wilcoxon_pvalue_corrected": 1.0,
    "significance": "n.s."
  },
  "spectral_bilateral": {
    "rmse": 0.9602245482747485,
    "ci_lower": 0.903200073607825,
    "ci_upper": 1.0316073231870018,
    "improvement_%": -7.102257764255607,
    "t_test_pvalue": 0.03460099074900058,
    "wilcoxon_pvalue": 0.03125,
    "n_folds": 5,
    "t_test_pvalue_corrected": 0.49253642935745107,
    "wilcoxon_pvalue_corrected": 1.0,
    "significance": "n.s."
  },
  "best_three": {
    "rmse": 0.9660242573735033,
    "ci_lower": 0.9136611832729761,
    "ci_upper": 1.0303290243774412,
    "improvement_%": -7.74915013955323,
    "t_test_pvalue": 0.0513828558224771,
    "wilcoxon_pvalue": 0.03125,
    "n_folds": 5,
    "t_test_pvalue_corrected": 0.49253642935745107,
    "wilcoxon_pvalue_corrected": 1.0,
    "significance": "n.s."
  },
  "all_filters": {
    "rmse": 0.9701682818180511,
    "ci_lower": 0.9151465958230249,
    "ci_upper": 1.0384485630603304,
    "improvement_%": -8.211369497555257,
    "t_test_pvalue": 0.025544305216124864,
    "wilcoxon_pvalue": 0.03125,
    "n_folds": 5,
    "t_test_pvalue_corrected": 0.49253642935745107,
    "wilcoxon_pvalue_corrected": 0.6875,
    "significance": "n.s."
  },