{
  "kalman_only": {
    "rmse": 0.9202022086467174,
    "ci_lower": 0.8957744586304679,
    "ci_upper": 0.9456118716460441,
    "improvement_%": -0.812213782517991,
    "t_test_pvalue": 0.047154992584974235,
    "wilcoxon_pvalue": 0.03125,
    "n_folds": 5,
    "t_test_pvalue_corrected": 1.0,
    "wilcoxon_pvalue_corrected": 0.6875,
    "significance": "n.s."
  },
  "wavelet_only": {
    "rmse": 0.9114514022877509,
    "ci_lower": 0.8855406219989964,
    "ci_upper": 0.9362445259544805,
    "improvement_%": 0.1464756806674198,
    "t_test_pvalue": 0.5998812841448178,
    "wilcoxon_pvalue": 0.78125,
    "n_folds": 5,
    "t_test_pvalue_corrected": 1.0,
    "wilcoxon_pvalue_corrected": 1.0,
    "significance": "n.s."
  },
  "spectral_only": {
    "rmse": 0.9177731750087658,
    "ci_lower": 0.8945412681521134,
    "ci_upper": 0.9432100604347575,
    "improvement_%": -0.5461024255867422,
    "t_test_pvalue": 0.27781960902178326,
    "wilcoxon_pvalue": 0.21875,
    "n_folds": 5,
    "t_test_pvalue_corrected": 1.0,
    "wilcoxon_pvalue_corrected": 1.0,
    "significance": "n.s."
  },
  "adaptive_only": {
    "rmse": 0.9141896190888078,
    "ci_lower": 0.8917390090003723,
    "ci_upper": 0.9365210378563577,
    "improvement_%": -0.15350805653420438,
    "t_test_pvalue": 0.7466771308974939,
    "wilcoxon_pvalue": 0.59375,
    "n_folds": 5,
    "t_test_pvalue_corrected": 1.0,
    "wilcoxon_pvalue_corrected": 1.0,
    "significance": "n.s."
  },
  "ema_only": {
    "rmse": 0.9227231780516798,
    "ci_lower": 0.9019808971721529,
    "ci_upper": 0.9434654589312064,
    "improvement_%": -1.0883971085350073,
    "t_test_pvalue": 0.07736516153789116,
    "wilcoxon_pvalue": 0.03125,
    "n_folds": 5,
    "t_test_pvalue_corrected": 1.0,
    "wilcoxon_pvalue_corrected": 0.6875,
    "significance": "n.s."
  },
  "median_only": {
    "rmse": 0.9146582474840216,
    "ci_lower": 0.887709953178615,
    "ci_upper": 0.9386240966737311,
    "improvement_%": -0.20484836578245924,
    "t_test_pvalue": 0.5731952062175196,
    "wilcoxon_pvalue": 0.3125,
    "n_folds": 5,
    "t_test_pvalue_corrected": 1.0,
    "wilcoxon_pvalue_corrected": 1.0,
    "significance": "n.s."
  },
  "bilateral_only": {
    "rmse": 0.9221502839598038,
    "ci_lower": 0.9021518073200724,
    "ci_upper": 0.9430357731793233,
    "improvement_%": -1.0256340319826474,
    "t_test_pvalue": 0.12076278772161746,
    "wilcoxon_pvalue": 0.0625,
    "n_folds": 5,
    "t_test_pvalue_corrected": 1.0,
    "wilcoxon_pvalue_corrected": 1.0,
    "significance": "n.s."
  },
  "savgol_only": {
    "rmse": 0.9162951194571732,
    "ci_lower": 0.894191627334461,
    "ci_upper": 0.938496812449,
    "improvement_%": -0.3841749156878938,
    "t_test_pvalue": 0.5157336360485164,
    "wilcoxon_pvalue": 0.21875,
    "n_folds": 5,
    "t_test_pvalue_corrected": 1.0,
    "wilcoxon_pvalue_corrected": 1.0,
    "significance": "n.s."
  },
  "particle_only": {
    "rmse": 0.9145535322000399,
    "ci_lower": 0.8919538841803607,
    "ci_upper": 0.9371748402456006,
    "improvement_%": -0.19337634420300057,
    "t_test_pvalue": 0.6046931025695355,
    "wilcoxon_pvalue": 0.40625,
    "n_folds": 5,
    "t_test_pvalue_corrected": 1.0,
    "wilcoxon_pvalue_corrected": 1.0,
    "significance": "n.s."
  },
  "confidence_only": {
    "rmse": 0.9189731266670741,
    "ci_lower": 0.8981073215066774,
    "ci_upper": 0.9421979391874842,
    "improvement_%": -0.6775624264097881,
    "t_test_pvalue": 0.3056689586493489,
    "wilcoxon_pvalue": 0.15625,
    "n_folds": 5,
    "t_test_pvalue_corrected": 1.0,
    "wilcoxon_pvalue_corrected": 1.0,
    "significance": "n.s."
  },
  "consensus_only": {
    "rmse": 0.9176167431830183,
    "ci_lower": 0.8983845045445558,
    "ci_upper": 0.9368685006971341,
    "improvement_%": -0.5289646285770702,
    "t_test_pvalue": 0.3944160740029151,
    "wilcoxon_pvalue": 0.3125,
    "n_folds": 5,
    "t_test_pvalue_corrected": 1.0,
    "wilcoxon_pvalue_corrected": 1.0,
    "significance": "n.s."
  },
  "stacking_only": {
    "rmse": 0.9187863072787197,
    "ci_lower": 0.8983227005979881,
    "ci_upper": 0.9399368397560113,
    "improvement_%": -0.657095537784079,
    "t_test_pvalue": 0.26185950990832996,
    "wilcoxon_pvalue": 0.15625,
    "n_folds": 5,
    "t_test_pvalue_corrected": 1.0,
    "wilcoxon_pvalue_corrected": 1.0,
    "significance": "n.s."
  },
  "kalman_adaptive": {
    "rmse": 0.9187926542733106,
    "ci_lower": 0.8981011087944242,
    "ci_upper": 0.9394677129610777,
    "improvement_%": -0.6577908790575099,
    "t_test_pvalue": 0.264972699693095,
    "wilcoxon_pvalue": 0.15625,
    "n_folds": 5,
    "t_test_pvalue_corrected": 1.0,
    "wilcoxon_pvalue_corrected": 1.0,
    "significance": "n.s."
  },
  "kalman_ema": {
    "rmse": 0.9186408941026398,
    "ci_lower": 0.8957812771980247,
    "ci_upper": 0.9416391021809822,
    "improvement_%": -0.6411648824824404,
    "t_test_pvalue": 0.2165667844472831,
    "wilcoxon_pvalue": 0.15625,
    "n_folds": 5,
    "t_test_pvalue_corrected": 1.0,
    "wilcoxon_pvalue_corrected": 1.0,
    "significance": "n.s."
  },
  "adaptive_ema": {
    "rmse": 0.9229515532975856,
    "ci_lower": 0.902650426953984,
    "ci_upper": 0.9432526796411873,
    "improvement_%": -1.1134166247854071,
    "t_test_pvalue": 0.10289409101100995,
    "wilcoxon_pvalue": 0.09375,
    "n_folds": 5,
    "t_test_pvalue_corrected": 1.0,
    "wilcoxon_pvalue_corrected": 1.0,
    "significance": "n.s."
  },
  "kalman_consensus": {
    "rmse": 0.9172423067674987,
    "ci_lower": 0.8901980653303443,
    "ci_upper": 0.9425812909447199,
    "improvement_%": -0.48794346647310766,
    "t_test_pvalue": 0.542834628500698,
    "wilcoxon_pvalue": 0.3125,
    "n_folds": 5,
    "t_test_pvalue_corrected": 1.0,
    "wilcoxon_pvalue_corrected": 1.0,
    "significance": "n.s."
  },
  "stacking_adaptive": {
    "rmse": 0.9153262355091341,
    "ci_lower": 0.8942322942503187,
    "ci_upper": 0.9383364986222682,
    "improvement_%": -0.2780294024709448,
    "t_test_pvalue": 0.5883125164592036,
    "wilcoxon_pvalue": 0.5,
    "n_folds": 5,
    "t_test_pvalue_corrected": 1.0,
    "wilcoxon_pvalue_corrected": 1.0,
    "significance": "n.s."
  },
  "median_savgol": {
    "rmse": 0.9228690101536909,
    "ci_lower": 0.9048183216485743,
    "ci_upper": 0.940573180489175,
    "improvement_%": -1.1043736590215805,
    "t_test_pvalue": 0.15718776258536166,
    "wilcoxon_pvalue": 0.09375,
    "n_folds": 5,
    "t_test_pvalue_corrected": 1.0,
    "wilcoxon_pvalue_corrected": 1.0,
    "significance": "n.s."
  },
  "spectral_bilateral": {
    "rmse": 0.9194687726874241,
    "ci_lower": 0.8984672435988044,
    "ci_upper": 0.9412674463689146,
    "improvement_%": -0.7318626357490633,
    "t_test_pvalue": 0.186013542772862,
    "wilcoxon_pvalue": 0.09375,
    "n_folds": 5,
    "t_test_pvalue_corrected": 1.0,
    "wilcoxon_pvalue_corrected": 1.0,
    "significance": "n.s."
  },
  "best_three": {
    "rmse": 0.9131776443994639,
    "ci_lower": 0.8898030612619834,
    "ci_upper": 0.9362321350789939,
    "improvement_%": -0.04264176240232381,
    "t_test_pvalue": 0.901949326002935,
    "wilcoxon_pvalue": 0.40625,
    "n_folds": 5,
    "t_test_pvalue_corrected": 1.0,
    "wilcoxon_pvalue_corrected": 1.0,
    "significance": "n.s."
  },
  "all_filters": {
    "rmse": 0.916758926690352,
    "ci_lower": 0.8957660160571308,
    "ci_upper": 0.9370199375508224,
    "improvement_%": -0.43498704535432453,
    "t_test_pvalue": 0.4523819532655907,
    "wilcoxon_pvalue": 0.3125,
    "n_folds": 5,
    "t_test_pvalue_corrected": 1.0,
    "wilcoxon_pvalue_corrected": 1.0,
    "significance": "n.s."
  },
  "full_pipeline": {
    "rmse": 0.9174077341003647,
    "ci_lower": 0.8950812282978369,
    "ci_upper": 0.9397342399028924,
    "improvement_%": -0.5060667609942978,
    "t_test_pvalue": 0.2490550254499699,
    "wilcoxon_pvalue": 0.40625,
    "n_folds": 5,
    "t_test_pvalue_corrected": 1.0,
    "wilcoxon_pvalue_corrected": 1.0,